att,se,lb,ub,T0,outcome,treated,placebo
-44.17751586657455,0.9546364118232696,-50.20485295768766,-38.15017877546144,89,DAP,ES,FALSE
-14.029321787714029,2.2185821720594197,-28.036898336985224,-0.021745238442832715,108,NRG,ES,FALSE
-1.8442567708577857,0.27295005800418726,-3.5675956130123625,-0.12091792870320917,108,xNRG,ES,FALSE
-3.398303323169133,0.3102710614844529,-5.357277707576429,-1.439328938761837,108,CP00,ES,FALSE
-43.332252533533755,1.08212484194782,-50.16451989344929,-36.49998517361822,89,DAP,PT,FALSE
-11.184111269020846,8.420187121324798,-64.34708046013253,41.97885792209084,108,NRG,PT,FALSE
-0.2895396632275929,0.8677200366300557,-5.768108358814486,5.1890290323593,108,xNRG,PT,FALSE
-1.403256984813961,0.7326715958456931,-6.029163382844082,3.2226494132161605,108,CP00,PT,FALSE
