p_val,T0,outcome,treated,period
1.999600079984003e-4,89,DAA,ES,07/2022 - 06/2023
0.05338932213557288,108,CP00,ES,07/2022 - 06/2023
0.011597680463907217,108,NRG,ES,07/2022 - 06/2023
0.3977204559088182,108,TOT_X_NRG,ES,07/2022 - 06/2023
1.999600079984003e-4,89,DAA,PT,07/2022 - 06/2023
0.05938812237552489,108,CP00,PT,07/2022 - 06/2023
1.999600079984003e-4,108,NRG,PT,07/2022 - 06/2023
0.4715056988602279,108,TOT_X_NRG,PT,07/2022 - 06/2023
