p_val,T0,outcome,treated,period
1.999600079984003e-4,89,DAA,ES,07/2022 - 06/2023
0.013197360527894421,108,NRG,ES,07/2022 - 06/2023
0.05738852229554089,108,CP00,ES,07/2022 - 06/2023
0.3915216956608678,108,TOT_X_NRG,ES,07/2022 - 06/2023
1.999600079984003e-4,89,DAA,PT,07/2022 - 06/2023
1.999600079984003e-4,108,NRG,PT,07/2022 - 06/2023
0.0657868426314737,108,CP00,PT,07/2022 - 06/2023
0.47530493901219756,108,TOT_X_NRG,PT,07/2022 - 06/2023
