att,se,lb,ub,T0,outcome,treated,placebo
-5.4148201972941425,0.46310292167563105,-8.338736970474093,-2.4909034241141916,41,DAP,ES,time_48
-1.3027412547705595,2.9735493927888674,-20.07699323745231,17.47151072791119,60,NRG,ES,time_48
0.1224512870758474,0.2285918622554989,-1.3208209294821964,1.5657235036338912,60,xNRG,ES,time_48
0.0307900523733782,0.23783546823459167,-1.4708439954362218,1.5324241001829781,60,CP00,ES,time_48
-5.4328019142540445,0.638297434310021,-9.46285330694213,-1.4027505215659595,41,DAP,PT,time_48
-4.9344907341410815,1.359324350691503,-13.51692691225422,3.6479454439720564,60,NRG,PT,time_48
-0.9727797852560922,0.04619593896540997,-1.264449464870785,-0.6811101056413994,60,xNRG,PT,time_48
-1.4680687982151739,0.20056564053074624,-2.734390414907942,-0.20174718152240567,60,CP00,PT,time_48
