p_val,T0,outcome,treated,period
1.999600079984003e-4,89,DAA,ES,07/2022 - 06/2023
0.05178964207158568,108,CP00,ES,07/2022 - 06/2023
0.01259748050389922,108,NRG,ES,07/2022 - 06/2023
0.3889222155568886,108,TOT_X_NRG,ES,07/2022 - 06/2023
1.999600079984003e-4,89,DAA,PT,07/2022 - 06/2023
0.0639872025594881,108,CP00,PT,07/2022 - 06/2023
1.999600079984003e-4,108,NRG,PT,07/2022 - 06/2023
0.4751049790041991,108,TOT_X_NRG,PT,07/2022 - 06/2023
