p_val,T0,outcome,treated,period
1.999600079984003e-4,89,DAA,ES,7/2022 - 6/2023
0.055388922215556885,108,CP00,ES,7/2022 - 6/2023
0.013797240551889621,108,NRG,ES,7/2022 - 6/2023
0.3903219356128774,108,TOT_X_NRG,ES,7/2022 - 6/2023
1.999600079984003e-4,89,DAA,PT,7/2022 - 6/2023
0.0657868426314737,108,CP00,PT,7/2022 - 6/2023
1.999600079984003e-4,108,NRG,PT,7/2022 - 6/2023
0.46910617876424715,108,TOT_X_NRG,PT,7/2022 - 6/2023
