p_val,T0,outcome,treated,period
1.999600079984003e-4,89,DAA,ES,7/2022 - 6/2023
0.05878824235152969,108,CP00,ES,7/2022 - 6/2023
0.01299740051989602,108,NRG,ES,7/2022 - 6/2023
0.4003199360127974,108,TOT_X_NRG,ES,7/2022 - 6/2023
1.999600079984003e-4,89,DAA,PT,7/2022 - 6/2023
0.0617876424715057,108,CP00,PT,7/2022 - 6/2023
1.999600079984003e-4,108,NRG,PT,7/2022 - 6/2023
0.48590281943611274,108,TOT_X_NRG,PT,7/2022 - 6/2023
