outcome,period,ate_ES,ate_PT
CP00,01/2023 - 06/2023,-3.5736612914219763,-0.04041843173456838
CP00,07/2022 - 06/2023,-3.6676545212987546,-0.11882362270748466
CP00,07/2022 - 12/2022,-3.7616477511755333,-0.19722881368040093
NRG,01/2023 - 06/2023,-14.026974384864138,-12.304890999539364
NRG,07/2022 - 06/2023,-21.824808053062338,-4.210436127159957
NRG,07/2022 - 12/2022,-29.622641721260536,3.8840187452194486
TOT_X_NRG,01/2023 - 06/2023,-1.3880986237492126,0.3363976168287642
TOT_X_NRG,07/2022 - 06/2023,-1.15248438355528,0.5285707106943303
TOT_X_NRG,07/2022 - 12/2022,-0.9168701433613475,0.7207438045598963
